,Año,Trimestre,Provincia,ADSL,Fibra óptica,adsl trimestre anterior,KPI disminucion ADSL,fibra optica trimestre anterior,KPI aumento Fibra Optica
936,2014,1,Buenos Aires,1567685.0,120960.0,,,,
912,2014,2,Buenos Aires,1568881.0,120008.0,1567685.0,-0.08,120960.0,-0.79
888,2014,3,Buenos Aires,1562533.0,124474.0,1568881.0,0.4,120008.0,3.59
864,2014,4,Buenos Aires,1575978.0,120528.0,1562533.0,-0.86,124474.0,-3.27
840,2015,1,Buenos Aires,1583135.0,134177.0,1575978.0,-0.45,120528.0,10.17
816,2015,2,Buenos Aires,1581770.0,115660.0,1583135.0,0.09,134177.0,-16.01
792,2015,3,Buenos Aires,1585467.0,113590.0,1581770.0,-0.23,115660.0,-1.82
768,2015,4,Buenos Aires,1586343.0,103269.0,1585467.0,-0.06,113590.0,-9.99
744,2016,1,Buenos Aires,1583560.0,111231.0,1586343.0,0.18,103269.0,7.16
720,2016,2,Buenos Aires,1579448.0,113070.0,1583560.0,0.26,111231.0,1.63
696,2016,3,Buenos Aires,1574216.0,113463.0,1579448.0,0.33,113070.0,0.35
672,2016,4,Buenos Aires,1563542.0,118747.0,1574216.0,0.68,113463.0,4.45
648,2017,1,Buenos Aires,1559178.0,118839.0,1563542.0,0.28,118747.0,0.08
624,2017,2,Buenos Aires,1378549.0,119132.0,1559178.0,11.58,118839.0,0.25
600,2017,3,Buenos Aires,1288025.0,124920.0,1378549.0,6.57,119132.0,4.63
576,2017,4,Buenos Aires,1241172.0,131181.0,1288025.0,3.64,124920.0,4.77
552,2018,1,Buenos Aires,1452061.0,133928.0,1241172.0,-16.99,131181.0,2.05
528,2018,2,Buenos Aires,1450203.0,143626.0,1452061.0,0.13,133928.0,6.75
504,2018,3,Buenos Aires,1435856.0,156382.0,1450203.0,0.99,143626.0,8.16
480,2018,4,Buenos Aires,1305576.0,296102.0,1435856.0,9.07,156382.0,47.19
456,2019,1,Buenos Aires,1304507.0,336362.0,1305576.0,0.08,296102.0,11.97
432,2019,2,Buenos Aires,1284658.0,382971.0,1304507.0,1.52,336362.0,12.17
408,2019,3,Buenos Aires,1277249.0,425386.0,1284658.0,0.58,382971.0,9.97
384,2019,4,Buenos Aires,720011.0,669194.0,1277249.0,43.63,425386.0,36.43
360,2020,1,Buenos Aires,673237.0,720688.0,720011.0,6.5,669194.0,7.15
336,2020,2,Buenos Aires,661272.0,723072.0,673237.0,1.78,720688.0,0.33
312,2020,3,Buenos Aires,653930.0,749087.0,661272.0,1.11,723072.0,3.47
288,2020,4,Buenos Aires,635651.0,804991.0,653930.0,2.8,749087.0,6.94
264,2021,1,Buenos Aires,629679.0,821597.0,635651.0,0.94,804991.0,2.02
240,2021,2,Buenos Aires,603255.0,854173.0,629679.0,4.2,821597.0,3.81
216,2021,3,Buenos Aires,585729.0,885613.0,603255.0,2.91,854173.0,3.55
192,2021,4,Buenos Aires,426325.0,1176024.0,585729.0,27.21,885613.0,24.69
168,2022,1,Buenos Aires,392045.0,1242121.0,426325.0,8.04,1176024.0,5.32
144,2022,2,Buenos Aires,350652.0,1399043.0,392045.0,10.56,1242121.0,11.22
120,2022,3,Buenos Aires,339648.0,1436433.0,350652.0,3.14,1399043.0,2.6
96,2022,4,Buenos Aires,325908.0,1499149.0,339648.0,4.05,1436433.0,4.18
72,2023,1,Buenos Aires,304583.0,1551074.0,325908.0,6.54,1499149.0,3.35
48,2023,2,Buenos Aires,265537.0,1645945.0,304583.0,12.82,1551074.0,5.76
24,2023,3,Buenos Aires,237705.0,1740239.0,265537.0,10.48,1645945.0,5.42
0,2023,4,Buenos Aires,223391.0,1784593.0,237705.0,6.02,1740239.0,2.49
937,2014,1,Capital Federal,445569.0,17767.0,,,,
913,2014,2,Capital Federal,447637.0,17729.0,445569.0,-0.46,17767.0,-0.21
889,2014,3,Capital Federal,450155.0,17886.0,447637.0,-0.56,17729.0,0.88
865,2014,4,Capital Federal,455785.0,17155.0,450155.0,-1.25,17886.0,-4.26
841,2015,1,Capital Federal,454934.0,19334.0,455785.0,0.19,17155.0,11.27
817,2015,2,Capital Federal,453178.0,19786.0,454934.0,0.39,19334.0,2.28
793,2015,3,Capital Federal,454815.0,30974.0,453178.0,-0.36,19786.0,36.12
769,2015,4,Capital Federal,455427.0,19818.0,454815.0,-0.13,30974.0,-56.29
745,2016,1,Capital Federal,454425.0,36332.0,455427.0,0.22,19818.0,45.45
721,2016,2,Capital Federal,450644.0,36669.0,454425.0,0.83,36332.0,0.92
697,2016,3,Capital Federal,447726.0,36796.0,450644.0,0.65,36669.0,0.35
673,2016,4,Capital Federal,434835.0,38161.0,447726.0,2.88,36796.0,3.58
649,2017,1,Capital Federal,428801.0,38259.0,434835.0,1.39,38161.0,0.26
625,2017,2,Capital Federal,615262.0,38628.0,428801.0,-43.48,38259.0,0.96
601,2017,3,Capital Federal,583249.0,33481.0,615262.0,5.2,38628.0,-15.37
577,2017,4,Capital Federal,571363.0,36277.0,583249.0,2.04,33481.0,7.71
553,2018,1,Capital Federal,349995.0,35535.0,571363.0,38.74,36277.0,-2.09
529,2018,2,Capital Federal,342431.0,35610.0,349995.0,2.16,35535.0,0.21
505,2018,3,Capital Federal,334353.0,35694.0,342431.0,2.36,35610.0,0.24
481,2018,4,Capital Federal,328253.0,33042.0,334353.0,1.82,35694.0,-8.03
457,2019,1,Capital Federal,328246.0,32281.0,328253.0,0.0,33042.0,-2.36
433,2019,2,Capital Federal,309937.0,36082.0,328246.0,5.58,32281.0,10.53
409,2019,3,Capital Federal,300288.0,24900.0,309937.0,3.11,36082.0,-44.91
385,2019,4,Capital Federal,196938.0,35534.0,300288.0,34.42,24900.0,29.93
361,2020,1,Capital Federal,184494.0,38898.0,196938.0,6.32,35534.0,8.65
337,2020,2,Capital Federal,178896.0,39482.0,184494.0,3.03,38898.0,1.48
313,2020,3,Capital Federal,170375.0,39417.0,178896.0,4.76,39482.0,-0.16
289,2020,4,Capital Federal,163060.0,39890.0,170375.0,4.29,39417.0,1.19
265,2021,1,Capital Federal,159805.0,39980.0,163060.0,2.0,39890.0,0.23
241,2021,2,Capital Federal,148989.0,41318.0,159805.0,6.77,39980.0,3.24
217,2021,3,Capital Federal,142902.0,42966.0,148989.0,4.09,41318.0,3.84
193,2021,4,Capital Federal,111360.0,60005.0,142902.0,22.07,42966.0,28.4
169,2022,1,Capital Federal,102290.0,62308.0,111360.0,8.14,60005.0,3.7
145,2022,2,Capital Federal,145491.0,121506.0,102290.0,-42.23,62308.0,48.72
121,2022,3,Capital Federal,140791.0,129218.0,145491.0,3.23,121506.0,5.97
97,2022,4,Capital Federal,138753.0,138548.0,140791.0,1.45,129218.0,6.73
73,2023,1,Capital Federal,132149.0,156222.0,138753.0,4.76,138548.0,11.31
49,2023,2,Capital Federal,68348.0,136295.0,132149.0,48.28,156222.0,-14.62
25,2023,3,Capital Federal,60765.0,167428.0,68348.0,11.09,136295.0,18.59
1,2023,4,Capital Federal,58700.0,182520.0,60765.0,3.4,167428.0,8.27
938,2014,1,Catamarca,24126.0,17.0,,,,
914,2014,2,Catamarca,24380.0,17.0,24126.0,-1.05,17.0,0.0
890,2014,3,Catamarca,24380.0,15.0,24380.0,0.0,17.0,-13.33
866,2014,4,Catamarca,25192.0,16.0,24380.0,-3.33,15.0,6.25
842,2015,1,Catamarca,25033.0,16.0,25192.0,0.63,16.0,0.0
818,2015,2,Catamarca,25387.0,15.0,25033.0,-1.41,16.0,-6.67
794,2015,3,Catamarca,25801.0,15.0,25387.0,-1.63,15.0,0.0
770,2015,4,Catamarca,26180.0,15.0,25801.0,-1.47,15.0,0.0
746,2016,1,Catamarca,26096.0,15.0,26180.0,0.32,15.0,0.0
722,2016,2,Catamarca,26262.0,14.0,26096.0,-0.64,15.0,-7.14
698,2016,3,Catamarca,26689.0,14.0,26262.0,-1.63,14.0,0.0
674,2016,4,Catamarca,26735.0,14.0,26689.0,-0.17,14.0,0.0
650,2017,1,Catamarca,26020.0,14.0,26735.0,2.67,14.0,0.0
626,2017,2,Catamarca,26401.0,14.0,26020.0,-1.46,14.0,0.0
602,2017,3,Catamarca,26873.0,12.0,26401.0,-1.79,14.0,-16.67
578,2017,4,Catamarca,27083.0,11.0,26873.0,-0.78,12.0,-9.09
554,2018,1,Catamarca,27300.0,15.0,27083.0,-0.8,11.0,26.67
530,2018,2,Catamarca,27444.0,15.0,27300.0,-0.53,15.0,0.0
506,2018,3,Catamarca,27553.0,15.0,27444.0,-0.4,15.0,0.0
482,2018,4,Catamarca,26912.0,16.0,27553.0,2.33,15.0,6.25
458,2019,1,Catamarca,26912.0,16.0,26912.0,0.0,16.0,0.0
434,2019,2,Catamarca,25682.0,13.0,26912.0,4.57,16.0,-23.08
410,2019,3,Catamarca,24349.0,13.0,25682.0,5.19,13.0,0.0
386,2019,4,Catamarca,22999.0,9506.0,24349.0,5.54,13.0,99.86
362,2020,1,Catamarca,21945.0,12056.0,22999.0,4.58,9506.0,21.15
338,2020,2,Catamarca,26968.0,14878.0,21945.0,-22.89,12056.0,18.97
314,2020,3,Catamarca,26868.0,16857.0,26968.0,0.37,14878.0,11.74
290,2020,4,Catamarca,26870.0,17856.0,26868.0,-0.01,16857.0,5.59
266,2021,1,Catamarca,26316.0,18688.0,26870.0,2.06,17856.0,4.45
242,2021,2,Catamarca,20305.0,22331.0,26316.0,22.84,18688.0,16.31
218,2021,3,Catamarca,18413.0,22331.0,20305.0,9.32,22331.0,0.0
194,2021,4,Catamarca,16385.0,25100.0,18413.0,11.01,22331.0,11.03
170,2022,1,Catamarca,14181.0,29118.0,16385.0,13.45,25100.0,13.8
146,2022,2,Catamarca,11928.0,42087.0,14181.0,15.89,29118.0,30.81
122,2022,3,Catamarca,10010.0,46224.0,11928.0,16.08,42087.0,8.95
98,2022,4,Catamarca,8952.0,47337.0,10010.0,10.57,46224.0,2.35
74,2023,1,Catamarca,6980.0,50230.0,8952.0,22.03,47337.0,5.76
50,2023,2,Catamarca,7637.0,53177.0,6980.0,-9.41,50230.0,5.54
26,2023,3,Catamarca,7164.0,54650.0,7637.0,6.19,53177.0,2.7
2,2023,4,Catamarca,6669.0,55437.0,7164.0,6.91,54650.0,1.42
939,2014,1,Chaco,52971.0,30.0,,,,
915,2014,2,Chaco,53321.0,30.0,52971.0,-0.66,30.0,0.0
891,2014,3,Chaco,53321.0,29.0,53321.0,0.0,30.0,-3.45
867,2014,4,Chaco,55024.0,31.0,53321.0,-3.19,29.0,6.45
843,2015,1,Chaco,54952.0,164.0,55024.0,0.13,31.0,81.1
819,2015,2,Chaco,55767.0,179.0,54952.0,-1.48,164.0,8.38
795,2015,3,Chaco,56282.0,186.0,55767.0,-0.92,179.0,3.76
771,2015,4,Chaco,56818.0,186.0,56282.0,-0.95,186.0,0.0
747,2016,1,Chaco,56353.0,211.0,56818.0,0.82,186.0,11.85
723,2016,2,Chaco,56112.0,221.0,56353.0,0.43,211.0,4.52
699,2016,3,Chaco,56251.0,232.0,56112.0,-0.25,221.0,4.74
675,2016,4,Chaco,54974.0,248.0,56251.0,2.27,232.0,6.45
651,2017,1,Chaco,54430.0,252.0,54974.0,0.99,248.0,1.59
627,2017,2,Chaco,54449.0,458.0,54430.0,-0.03,252.0,44.98
603,2017,3,Chaco,54888.0,456.0,54449.0,-0.81,458.0,-0.44
579,2017,4,Chaco,55035.0,389.0,54888.0,-0.27,456.0,-17.22
555,2018,1,Chaco,54879.0,383.0,55035.0,0.28,389.0,-1.57
531,2018,2,Chaco,54134.0,562.0,54879.0,1.36,383.0,31.85
507,2018,3,Chaco,53927.0,1990.0,54134.0,0.38,562.0,71.76
483,2018,4,Chaco,53409.0,1940.0,53927.0,0.96,1990.0,-2.58
459,2019,1,Chaco,53409.0,1951.0,53409.0,0.0,1940.0,0.56
435,2019,2,Chaco,50765.0,4203.0,53409.0,4.95,1951.0,53.58
411,2019,3,Chaco,50416.0,8063.0,50765.0,0.69,4203.0,47.87
387,2019,4,Chaco,48661.0,8831.0,50416.0,3.48,8063.0,8.7
363,2020,1,Chaco,46356.0,11958.0,48661.0,4.74,8831.0,26.15
339,2020,2,Chaco,46816.0,17266.0,46356.0,-0.99,11958.0,30.74
315,2020,3,Chaco,45745.0,20675.0,46816.0,2.29,17266.0,16.49
291,2020,4,Chaco,44332.0,23687.0,45745.0,3.09,20675.0,12.72
267,2021,1,Chaco,43214.0,25426.0,44332.0,2.52,23687.0,6.84
243,2021,2,Chaco,39826.0,27584.0,43214.0,7.84,25426.0,7.82
219,2021,3,Chaco,38258.0,27583.0,39826.0,3.94,27584.0,-0.0
195,2021,4,Chaco,35548.0,34688.0,38258.0,7.08,27583.0,20.48
171,2022,1,Chaco,32391.0,36662.0,35548.0,8.88,34688.0,5.38
147,2022,2,Chaco,29552.0,42194.0,32391.0,8.76,36662.0,13.11
123,2022,3,Chaco,27164.0,44645.0,29552.0,8.08,42194.0,5.49
99,2022,4,Chaco,24582.0,47285.0,27164.0,9.51,44645.0,5.58
75,2023,1,Chaco,21243.0,49756.0,24582.0,13.58,47285.0,4.97
51,2023,2,Chaco,19115.0,51955.0,21243.0,10.02,49756.0,4.23
27,2023,3,Chaco,16420.0,54993.0,19115.0,14.1,51955.0,5.52
3,2023,4,Chaco,14000.0,62301.0,16420.0,14.74,54993.0,11.73
940,2014,1,Chubut,51066.0,866.0,,,,
916,2014,2,Chubut,51070.0,866.0,51066.0,-0.01,866.0,0.0
892,2014,3,Chubut,49219.0,882.0,51070.0,3.62,866.0,1.81
868,2014,4,Chubut,48539.0,891.0,49219.0,1.38,882.0,1.01
844,2015,1,Chubut,45645.0,906.0,48539.0,5.96,891.0,1.66
820,2015,2,Chubut,43949.0,916.0,45645.0,3.72,906.0,1.09
796,2015,3,Chubut,43964.0,916.0,43949.0,-0.03,916.0,0.0
772,2015,4,Chubut,43968.0,916.0,43964.0,-0.01,916.0,0.0
748,2016,1,Chubut,43967.0,916.0,43968.0,0.0,916.0,0.0
724,2016,2,Chubut,43977.0,916.0,43967.0,-0.02,916.0,0.0
700,2016,3,Chubut,43987.0,916.0,43977.0,-0.02,916.0,0.0
676,2016,4,Chubut,43994.0,916.0,43987.0,-0.02,916.0,0.0
652,2017,1,Chubut,43994.0,916.0,43994.0,0.0,916.0,0.0
628,2017,2,Chubut,43994.0,916.0,43994.0,0.0,916.0,0.0
604,2017,3,Chubut,56359.0,1217.0,43994.0,-28.11,916.0,24.73
580,2017,4,Chubut,56378.0,1187.0,56359.0,-0.03,1217.0,-2.53
556,2018,1,Chubut,56375.0,1194.0,56378.0,0.01,1187.0,0.59
532,2018,2,Chubut,58935.0,1239.0,56375.0,-4.54,1194.0,3.63
508,2018,3,Chubut,58887.0,1239.0,58935.0,0.08,1239.0,0.0
484,2018,4,Chubut,37215.0,952.0,58887.0,36.8,1239.0,-30.15
460,2019,1,Chubut,37302.0,1923.0,37215.0,-0.23,952.0,50.49
436,2019,2,Chubut,37313.0,1917.0,37302.0,-0.03,1923.0,-0.31
412,2019,3,Chubut,37298.0,1917.0,37313.0,0.04,1917.0,0.0
388,2019,4,Chubut,47045.0,1324.0,37298.0,-26.13,1917.0,-44.79
364,2020,1,Chubut,45763.0,1324.0,47045.0,2.73,1324.0,0.0
340,2020,2,Chubut,45761.0,1324.0,45763.0,0.0,1324.0,0.0
316,2020,3,Chubut,45761.0,2897.0,45761.0,0.0,1324.0,54.3
292,2020,4,Chubut,45703.0,3040.0,45761.0,0.13,2897.0,4.7
268,2021,1,Chubut,45501.0,3444.0,45703.0,0.44,3040.0,11.73
244,2021,2,Chubut,49271.0,6081.0,45501.0,-8.29,3444.0,43.36
220,2021,3,Chubut,49269.0,8946.0,49271.0,0.0,6081.0,32.03
196,2021,4,Chubut,46361.0,9655.0,49269.0,5.9,8946.0,7.34
172,2022,1,Chubut,44133.0,9184.0,46361.0,4.81,9655.0,-5.13
148,2022,2,Chubut,45377.0,9574.0,44133.0,-2.82,9184.0,4.07
124,2022,3,Chubut,45377.0,9574.0,45377.0,0.0,9574.0,0.0
100,2022,4,Chubut,45450.0,9815.0,45377.0,-0.16,9574.0,2.46
76,2023,1,Chubut,45448.0,9815.0,45450.0,0.0,9815.0,0.0
52,2023,2,Chubut,33702.0,16111.0,45448.0,25.84,9815.0,39.08
28,2023,3,Chubut,26352.0,25827.0,33702.0,21.81,16111.0,37.62
4,2023,4,Chubut,26306.0,26174.0,26352.0,0.17,25827.0,1.33
942,2014,1,Corrientes,52565.0,31.0,,,,
918,2014,2,Corrientes,52883.0,31.0,52565.0,-0.6,31.0,0.0
894,2014,3,Corrientes,52957.0,31.0,52883.0,-0.14,31.0,0.0
870,2014,4,Corrientes,54754.0,40.0,52957.0,-3.39,31.0,22.5
846,2015,1,Corrientes,54649.0,129.0,54754.0,0.19,40.0,68.99
822,2015,2,Corrientes,55238.0,157.0,54649.0,-1.08,129.0,17.83
798,2015,3,Corrientes,55792.0,176.0,55238.0,-1.0,157.0,10.8
774,2015,4,Corrientes,55681.0,177.0,55792.0,0.2,176.0,0.56
750,2016,1,Corrientes,55454.0,192.0,55681.0,0.41,177.0,7.81
726,2016,2,Corrientes,55511.0,203.0,55454.0,-0.1,192.0,5.42
702,2016,3,Corrientes,55934.0,217.0,55511.0,-0.76,203.0,6.45
678,2016,4,Corrientes,54981.0,233.0,55934.0,1.7,217.0,6.87
654,2017,1,Corrientes,54993.0,236.0,54981.0,-0.02,233.0,1.27
630,2017,2,Corrientes,55262.0,258.0,54993.0,-0.49,236.0,8.53
606,2017,3,Corrientes,56247.0,947.0,55262.0,-1.78,258.0,72.76
582,2017,4,Corrientes,56786.0,894.0,56247.0,-0.96,947.0,-5.93
558,2018,1,Corrientes,56937.0,888.0,56786.0,-0.27,894.0,-0.68
534,2018,2,Corrientes,56541.0,201.0,56937.0,0.7,888.0,-341.79
510,2018,3,Corrientes,56444.0,212.0,56541.0,0.17,201.0,5.19
486,2018,4,Corrientes,55842.0,796.0,56444.0,1.07,212.0,73.37
462,2019,1,Corrientes,55842.0,1615.0,55842.0,0.0,796.0,50.71
438,2019,2,Corrientes,53835.0,1701.0,55842.0,3.59,1615.0,5.06
414,2019,3,Corrientes,53344.0,1888.0,53835.0,0.91,1701.0,9.9
390,2019,4,Corrientes,52525.0,2002.0,53344.0,1.54,1888.0,5.69
366,2020,1,Corrientes,51126.0,2172.0,52525.0,2.66,2002.0,7.83
342,2020,2,Corrientes,51248.0,3144.0,51126.0,-0.24,2172.0,30.92
318,2020,3,Corrientes,50858.0,2960.0,51248.0,0.76,3144.0,-6.22
294,2020,4,Corrientes,50102.0,3146.0,50858.0,1.49,2960.0,5.91
270,2021,1,Corrientes,49160.0,3337.0,50102.0,1.88,3146.0,5.72
246,2021,2,Corrientes,46648.0,3731.0,49160.0,5.11,3337.0,10.56
222,2021,3,Corrientes,44805.0,7542.0,46648.0,3.95,3731.0,50.53
198,2021,4,Corrientes,42523.0,10138.0,44805.0,5.09,7542.0,25.61
174,2022,1,Corrientes,40462.0,10875.0,42523.0,4.85,10138.0,6.78
150,2022,2,Corrientes,38468.0,18181.0,40462.0,4.93,10875.0,40.18
126,2022,3,Corrientes,36508.0,18619.0,38468.0,5.1,18181.0,2.35
102,2022,4,Corrientes,34038.0,26752.0,36508.0,6.77,18619.0,30.4
78,2023,1,Corrientes,29577.0,30016.0,34038.0,13.11,26752.0,10.87
54,2023,2,Corrientes,26821.0,32834.0,29577.0,9.32,30016.0,8.58
30,2023,3,Corrientes,24253.0,36032.0,26821.0,9.57,32834.0,8.88
6,2023,4,Corrientes,21769.0,35968.0,24253.0,10.24,36032.0,-0.18
941,2014,1,Córdoba,336841.0,347.0,,,,
917,2014,2,Córdoba,337825.0,351.0,336841.0,-0.29,347.0,1.14
893,2014,3,Córdoba,340212.0,444.0,337825.0,-0.71,351.0,20.95
869,2014,4,Córdoba,345157.0,419.0,340212.0,-1.45,444.0,-5.97
845,2015,1,Córdoba,343883.0,415.0,345157.0,0.37,419.0,-0.96
821,2015,2,Córdoba,348130.0,435.0,343883.0,-1.24,415.0,4.6
797,2015,3,Córdoba,351692.0,1450.0,348130.0,-1.02,435.0,70.0
773,2015,4,Córdoba,353530.0,480.0,351692.0,-0.52,1450.0,-202.08
749,2016,1,Córdoba,350884.0,674.0,353530.0,0.75,480.0,28.78
725,2016,2,Córdoba,348891.0,1709.0,350884.0,0.57,674.0,60.56
701,2016,3,Córdoba,348481.0,2540.0,348891.0,0.12,1709.0,32.72
677,2016,4,Córdoba,337368.0,3368.0,348481.0,3.19,2540.0,24.58
653,2017,1,Córdoba,335673.0,4871.0,337368.0,0.5,3368.0,30.86
629,2017,2,Córdoba,341748.0,4451.0,335673.0,-1.81,4871.0,-9.44
605,2017,3,Córdoba,344580.0,10579.0,341748.0,-0.83,4451.0,57.93
581,2017,4,Córdoba,349710.0,12778.0,344580.0,-1.49,10579.0,17.21
557,2018,1,Córdoba,349342.0,13178.0,349710.0,0.11,12778.0,3.04
533,2018,2,Córdoba,345141.0,13832.0,349342.0,1.2,13178.0,4.73
509,2018,3,Córdoba,337620.0,15785.0,345141.0,2.18,13832.0,12.37
485,2018,4,Córdoba,328854.0,17675.0,337620.0,2.6,15785.0,10.69
461,2019,1,Córdoba,323272.0,19902.0,328854.0,1.7,17675.0,11.19
437,2019,2,Córdoba,314768.0,23023.0,323272.0,2.63,19902.0,13.56
413,2019,3,Córdoba,307780.0,30064.0,314768.0,2.22,23023.0,23.42
389,2019,4,Córdoba,296872.0,53335.0,307780.0,3.54,30064.0,43.63
365,2020,1,Córdoba,286168.0,68512.0,296872.0,3.61,53335.0,22.15
341,2020,2,Córdoba,282858.0,85818.0,286168.0,1.16,68512.0,20.17
317,2020,3,Córdoba,276360.0,102217.0,282858.0,2.3,85818.0,16.04
293,2020,4,Córdoba,267396.0,125620.0,276360.0,3.24,102217.0,18.63
269,2021,1,Córdoba,260350.0,134634.0,267396.0,2.64,125620.0,6.7
245,2021,2,Córdoba,239780.0,151855.0,260350.0,7.9,134634.0,11.34
221,2021,3,Córdoba,229275.0,167495.0,239780.0,4.38,151855.0,9.34
197,2021,4,Córdoba,212011.0,217214.0,229275.0,7.53,167495.0,22.89
173,2022,1,Córdoba,195610.0,235838.0,212011.0,7.74,217214.0,7.9
149,2022,2,Córdoba,179181.0,308895.0,195610.0,8.4,235838.0,23.65
125,2022,3,Córdoba,163770.0,338570.0,179181.0,8.6,308895.0,8.76
101,2022,4,Córdoba,152265.0,367393.0,163770.0,7.03,338570.0,7.85
77,2023,1,Córdoba,136976.0,386297.0,152265.0,10.04,367393.0,4.89
53,2023,2,Córdoba,129303.0,411703.0,136976.0,5.6,386297.0,6.17
29,2023,3,Córdoba,125050.0,417338.0,129303.0,3.29,411703.0,1.35
5,2023,4,Córdoba,115662.0,440536.0,125050.0,7.51,417338.0,5.27
943,2014,1,Entre Ríos,107883.0,49.0,,,,
919,2014,2,Entre Ríos,108900.0,49.0,107883.0,-0.94,49.0,0.0
895,2014,3,Entre Ríos,108907.0,48.0,108900.0,-0.01,49.0,-2.08
871,2014,4,Entre Ríos,112291.0,57.0,108907.0,-3.11,48.0,15.79
847,2015,1,Entre Ríos,112363.0,108.0,112291.0,-0.06,57.0,47.22
823,2015,2,Entre Ríos,113378.0,119.0,112363.0,-0.9,108.0,9.24
799,2015,3,Entre Ríos,113909.0,122.0,113378.0,-0.47,119.0,2.46
775,2015,4,Entre Ríos,113983.0,122.0,113909.0,-0.06,122.0,0.0
751,2016,1,Entre Ríos,113101.0,146.0,113983.0,0.77,122.0,16.44
727,2016,2,Entre Ríos,112809.0,169.0,113101.0,0.26,146.0,13.61
703,2016,3,Entre Ríos,112588.0,206.0,112809.0,0.2,169.0,17.96
679,2016,4,Entre Ríos,109359.0,226.0,112588.0,2.87,206.0,8.85
655,2017,1,Entre Ríos,108509.0,230.0,109359.0,0.78,226.0,1.74
631,2017,2,Entre Ríos,108309.0,254.0,108509.0,0.18,230.0,9.45
607,2017,3,Entre Ríos,107774.0,1786.0,108309.0,0.49,254.0,85.78
583,2017,4,Entre Ríos,107764.0,1894.0,107774.0,0.01,1786.0,5.7
559,2018,1,Entre Ríos,106998.0,3789.0,107764.0,0.71,1894.0,50.01
535,2018,2,Entre Ríos,104811.0,2405.0,106998.0,2.04,3789.0,-57.55
511,2018,3,Entre Ríos,103318.0,2403.0,104811.0,1.42,2405.0,-0.08
487,2018,4,Entre Ríos,101168.0,4853.0,103318.0,2.08,2403.0,50.48
463,2019,1,Entre Ríos,100999.0,12723.0,101168.0,0.17,4853.0,61.86
439,2019,2,Entre Ríos,97081.0,12764.0,100999.0,3.88,12723.0,0.32
415,2019,3,Entre Ríos,94947.0,12888.0,97081.0,2.2,12764.0,0.96
391,2019,4,Entre Ríos,92981.0,12875.0,94947.0,2.07,12888.0,-0.1
367,2020,1,Entre Ríos,90368.0,13245.0,92981.0,2.81,12875.0,2.79
343,2020,2,Entre Ríos,89391.0,13954.0,90368.0,1.08,13245.0,5.08
319,2020,3,Entre Ríos,87892.0,13954.0,89391.0,1.68,13954.0,0.0
295,2020,4,Entre Ríos,85683.0,15653.0,87892.0,2.51,13954.0,10.85
271,2021,1,Entre Ríos,83688.0,16846.0,85683.0,2.33,15653.0,7.08
247,2021,2,Entre Ríos,77836.0,17856.0,83688.0,6.99,16846.0,5.66
223,2021,3,Entre Ríos,74443.0,20485.0,77836.0,4.36,17856.0,12.83
199,2021,4,Entre Ríos,70459.0,23452.0,74443.0,5.35,20485.0,12.65
175,2022,1,Entre Ríos,67159.0,23091.0,70459.0,4.68,23452.0,-1.56
151,2022,2,Entre Ríos,63794.0,35839.0,67159.0,5.01,23091.0,35.57
127,2022,3,Entre Ríos,60345.0,36971.0,63794.0,5.41,35839.0,3.06
103,2022,4,Entre Ríos,55507.0,40798.0,60345.0,8.02,36971.0,9.38
79,2023,1,Entre Ríos,51084.0,44508.0,55507.0,7.97,40798.0,8.34
55,2023,2,Entre Ríos,46503.0,49251.0,51084.0,8.97,44508.0,9.63
31,2023,3,Entre Ríos,45384.0,54794.0,46503.0,2.41,49251.0,10.12
7,2023,4,Entre Ríos,41794.0,61667.0,45384.0,7.91,54794.0,11.15
944,2014,1,Formosa,20774.0,0.0,,,,0.0
920,2014,2,Formosa,20894.0,0.0,20774.0,-0.58,0.0,0.0
896,2014,3,Formosa,21021.0,0.0,20894.0,-0.61,0.0,0.0
872,2014,4,Formosa,21245.0,1.0,21021.0,-1.07,0.0,100.0
848,2015,1,Formosa,21022.0,1.0,21245.0,1.05,1.0,0.0
824,2015,2,Formosa,21097.0,2.0,21022.0,-0.36,1.0,50.0
800,2015,3,Formosa,21573.0,2.0,21097.0,-2.26,2.0,0.0
776,2015,4,Formosa,21734.0,4.0,21573.0,-0.75,2.0,50.0
752,2016,1,Formosa,21852.0,5.0,21734.0,-0.54,4.0,20.0
728,2016,2,Formosa,22101.0,6.0,21852.0,-1.14,5.0,16.67
704,2016,3,Formosa,21800.0,9.0,22101.0,1.36,6.0,33.33
680,2016,4,Formosa,22400.0,16.0,21800.0,-2.75,9.0,43.75
656,2017,1,Formosa,22438.0,16.0,22400.0,-0.17,16.0,0.0
632,2017,2,Formosa,22493.0,17.0,22438.0,-0.25,16.0,5.88
608,2017,3,Formosa,22647.0,428.0,22493.0,-0.68,17.0,96.03
584,2017,4,Formosa,23410.0,19.0,22647.0,-3.37,428.0,-2152.63
560,2018,1,Formosa,23556.0,17.0,23410.0,-0.62,19.0,-11.76
536,2018,2,Formosa,23543.0,18.0,23556.0,0.06,17.0,5.56
512,2018,3,Formosa,22777.0,817.0,23543.0,3.25,18.0,97.8
488,2018,4,Formosa,22619.0,887.0,22777.0,0.69,817.0,7.89
464,2019,1,Formosa,22570.0,940.0,22619.0,0.22,887.0,5.64
440,2019,2,Formosa,21916.0,1382.0,22570.0,2.9,940.0,31.98
416,2019,3,Formosa,21777.0,1476.0,21916.0,0.63,1382.0,6.37
392,2019,4,Formosa,21567.0,1760.0,21777.0,0.96,1476.0,16.14
368,2020,1,Formosa,21068.0,1800.0,21567.0,2.31,1760.0,2.22
344,2020,2,Formosa,21805.0,1882.0,21068.0,-3.5,1800.0,4.36
320,2020,3,Formosa,21790.0,2000.0,21805.0,0.07,1882.0,5.9
296,2020,4,Formosa,21264.0,2432.0,21790.0,2.41,2000.0,17.76
272,2021,1,Formosa,20663.0,2562.0,21264.0,2.83,2432.0,5.07
248,2021,2,Formosa,19571.0,3610.0,20663.0,5.28,2562.0,29.03
224,2021,3,Formosa,18093.0,4730.0,19571.0,7.55,3610.0,23.68
200,2021,4,Formosa,17211.0,5151.0,18093.0,4.87,4730.0,8.17
176,2022,1,Formosa,16397.0,5146.0,17211.0,4.73,5151.0,-0.1
152,2022,2,Formosa,15397.0,9875.0,16397.0,6.1,5146.0,47.89
128,2022,3,Formosa,14470.0,11041.0,15397.0,6.02,9875.0,10.56
104,2022,4,Formosa,13735.0,13118.0,14470.0,5.08,11041.0,15.83
80,2023,1,Formosa,12502.0,13345.0,13735.0,8.98,13118.0,1.7
56,2023,2,Formosa,11934.0,13698.0,12502.0,4.54,13345.0,2.58
32,2023,3,Formosa,11230.0,14904.0,11934.0,5.9,13698.0,8.09
8,2023,4,Formosa,10252.0,16179.0,11230.0,8.71,14904.0,7.88
945,2014,1,Jujuy,29765.0,23.0,,,,
921,2014,2,Jujuy,30128.0,23.0,29765.0,-1.22,23.0,0.0
897,2014,3,Jujuy,30128.0,22.0,30128.0,0.0,23.0,-4.55
873,2014,4,Jujuy,31349.0,22.0,30128.0,-4.05,22.0,0.0
849,2015,1,Jujuy,31505.0,22.0,31349.0,-0.5,22.0,0.0
825,2015,2,Jujuy,32183.0,22.0,31505.0,-2.15,22.0,0.0
801,2015,3,Jujuy,32598.0,22.0,32183.0,-1.29,22.0,0.0
777,2015,4,Jujuy,32934.0,22.0,32598.0,-1.03,22.0,0.0
753,2016,1,Jujuy,33481.0,22.0,32934.0,-1.66,22.0,0.0
729,2016,2,Jujuy,33758.0,22.0,33481.0,-0.83,22.0,0.0
705,2016,3,Jujuy,34250.0,22.0,33758.0,-1.46,22.0,0.0
681,2016,4,Jujuy,33838.0,22.0,34250.0,1.2,22.0,0.0
657,2017,1,Jujuy,33869.0,22.0,33838.0,-0.09,22.0,0.0
633,2017,2,Jujuy,33742.0,22.0,33869.0,0.37,22.0,0.0
609,2017,3,Jujuy,33796.0,20.0,33742.0,-0.16,22.0,-10.0
585,2017,4,Jujuy,33844.0,20.0,33796.0,-0.14,20.0,0.0
561,2018,1,Jujuy,33856.0,23.0,33844.0,-0.04,20.0,13.04
537,2018,2,Jujuy,33571.0,23.0,33856.0,0.84,23.0,0.0
513,2018,3,Jujuy,33363.0,32.0,33571.0,0.62,23.0,28.12
489,2018,4,Jujuy,33248.0,153.0,33363.0,0.34,32.0,79.08
465,2019,1,Jujuy,33248.0,153.0,33248.0,0.0,153.0,0.0
441,2019,2,Jujuy,33022.0,274.0,33248.0,0.68,153.0,44.16
417,2019,3,Jujuy,33110.0,274.0,33022.0,-0.27,274.0,0.0
393,2019,4,Jujuy,32949.0,873.0,33110.0,0.49,274.0,68.61
369,2020,1,Jujuy,32066.0,3078.0,32949.0,2.68,873.0,71.64
345,2020,2,Jujuy,32705.0,5057.0,32066.0,-1.99,3078.0,39.13
321,2020,3,Jujuy,32611.0,11112.0,32705.0,0.29,5057.0,54.49
297,2020,4,Jujuy,32850.0,15639.0,32611.0,-0.73,11112.0,28.95
273,2021,1,Jujuy,32254.0,17322.0,32850.0,1.81,15639.0,9.72
249,2021,2,Jujuy,24738.0,19611.0,32254.0,23.3,17322.0,11.67
225,2021,3,Jujuy,23554.0,19926.0,24738.0,4.79,19611.0,1.58
201,2021,4,Jujuy,22330.0,24156.0,23554.0,5.2,19926.0,17.51
177,2022,1,Jujuy,21307.0,25949.0,22330.0,4.58,24156.0,6.91
153,2022,2,Jujuy,20303.0,34184.0,21307.0,4.71,25949.0,24.09
129,2022,3,Jujuy,19257.0,40172.0,20303.0,5.15,34184.0,14.91
105,2022,4,Jujuy,17880.0,42626.0,19257.0,7.15,40172.0,5.76
81,2023,1,Jujuy,15306.0,46271.0,17880.0,14.4,42626.0,7.88
57,2023,2,Jujuy,13749.0,47289.0,15306.0,10.17,46271.0,2.15
33,2023,3,Jujuy,12627.0,48350.0,13749.0,8.16,47289.0,2.19
9,2023,4,Jujuy,11669.0,49947.0,12627.0,7.59,48350.0,3.2
946,2014,1,La Pampa,15826.0,513.0,,,,
922,2014,2,La Pampa,15957.0,513.0,15826.0,-0.83,513.0,0.0
898,2014,3,La Pampa,16051.0,538.0,15957.0,-0.59,513.0,4.65
874,2014,4,La Pampa,16043.0,514.0,16051.0,0.05,538.0,-4.67
850,2015,1,La Pampa,13143.0,3215.0,16043.0,18.08,514.0,84.01
826,2015,2,La Pampa,12756.0,3719.0,13143.0,2.94,3215.0,13.55
802,2015,3,La Pampa,12755.0,4078.0,12756.0,0.01,3719.0,8.8
778,2015,4,La Pampa,12755.0,4327.0,12755.0,0.0,4078.0,5.75
754,2016,1,La Pampa,12754.0,4536.0,12755.0,0.01,4327.0,4.61
730,2016,2,La Pampa,12754.0,4708.0,12754.0,0.0,4536.0,3.65
706,2016,3,La Pampa,12751.0,4910.0,12754.0,0.02,4708.0,4.11
682,2016,4,La Pampa,12754.0,5054.0,12751.0,-0.02,4910.0,2.85
658,2017,1,La Pampa,12754.0,5194.0,12754.0,0.0,5054.0,2.7
634,2017,2,La Pampa,12754.0,5194.0,12754.0,0.0,5194.0,0.0
610,2017,3,La Pampa,11378.0,5153.0,12754.0,10.79,5194.0,-0.8
586,2017,4,La Pampa,10808.0,8272.0,11378.0,5.01,5153.0,37.71
562,2018,1,La Pampa,10807.0,8386.0,10808.0,0.01,8272.0,1.36
538,2018,2,La Pampa,12416.0,8420.0,10807.0,-14.89,8386.0,0.4
514,2018,3,La Pampa,12415.0,8437.0,12416.0,0.01,8420.0,0.2
490,2018,4,La Pampa,18832.0,2685.0,12415.0,-51.69,8437.0,-214.23
466,2019,1,La Pampa,18832.0,2891.0,18832.0,0.0,2685.0,7.13
442,2019,2,La Pampa,19471.0,4840.0,18832.0,-3.39,2891.0,40.27
418,2019,3,La Pampa,19469.0,4994.0,19471.0,0.01,4840.0,3.08
394,2019,4,La Pampa,15457.0,4942.0,19469.0,20.61,4994.0,-1.05
370,2020,1,La Pampa,8553.0,13821.0,15457.0,44.67,4942.0,64.24
346,2020,2,La Pampa,8551.0,14232.0,8553.0,0.02,13821.0,2.89
322,2020,3,La Pampa,9015.0,14677.0,8551.0,-5.43,14232.0,3.03
298,2020,4,La Pampa,9009.0,15432.0,9015.0,0.07,14677.0,4.89
274,2021,1,La Pampa,8946.0,15779.0,9009.0,0.7,15432.0,2.2
250,2021,2,La Pampa,9017.0,17132.0,8946.0,-0.79,15779.0,7.9
226,2021,3,La Pampa,9015.0,17817.0,9017.0,0.02,17132.0,3.84
202,2021,4,La Pampa,8175.0,20192.0,9015.0,9.32,17817.0,11.76
178,2022,1,La Pampa,8003.0,21739.0,8175.0,2.1,20192.0,7.12
154,2022,2,La Pampa,7796.0,22994.0,8003.0,2.59,21739.0,5.46
130,2022,3,La Pampa,7796.0,23551.0,7796.0,0.0,22994.0,2.37
106,2022,4,La Pampa,7785.0,24552.0,7796.0,0.14,23551.0,4.08
82,2023,1,La Pampa,7049.0,28126.0,7785.0,9.45,24552.0,12.71
58,2023,2,La Pampa,7254.0,31449.0,7049.0,-2.91,28126.0,10.57
34,2023,3,La Pampa,6844.0,32891.0,7254.0,5.65,31449.0,4.38
10,2023,4,La Pampa,6844.0,34331.0,6844.0,0.0,32891.0,4.19
947,2014,1,La Rioja,15663.0,14.0,,,,
923,2014,2,La Rioja,15864.0,14.0,15663.0,-1.28,14.0,0.0
899,2014,3,La Rioja,15864.0,14.0,15864.0,0.0,14.0,0.0
875,2014,4,La Rioja,16352.0,17.0,15864.0,-3.08,14.0,17.65
851,2015,1,La Rioja,16282.0,16.0,16352.0,0.43,17.0,-6.25
827,2015,2,La Rioja,16463.0,16.0,16282.0,-1.11,16.0,0.0
803,2015,3,La Rioja,16725.0,16.0,16463.0,-1.59,16.0,0.0
779,2015,4,La Rioja,16886.0,16.0,16725.0,-0.96,16.0,0.0
755,2016,1,La Rioja,16645.0,16.0,16886.0,1.43,16.0,0.0
731,2016,2,La Rioja,16691.0,15.0,16645.0,-0.28,16.0,-6.67
707,2016,3,La Rioja,16891.0,15.0,16691.0,-1.2,15.0,0.0
683,2016,4,La Rioja,16270.0,16.0,16891.0,3.68,15.0,6.25
659,2017,1,La Rioja,16180.0,15.0,16270.0,0.55,16.0,-6.67
635,2017,2,La Rioja,16244.0,15.0,16180.0,-0.4,15.0,0.0
611,2017,3,La Rioja,16638.0,14.0,16244.0,-2.43,15.0,-7.14
587,2017,4,La Rioja,16912.0,14.0,16638.0,-1.65,14.0,0.0
563,2018,1,La Rioja,16960.0,13.0,16912.0,-0.28,14.0,-7.69
539,2018,2,La Rioja,16663.0,13.0,16960.0,1.75,13.0,0.0
515,2018,3,La Rioja,16587.0,13.0,16663.0,0.46,13.0,0.0
491,2018,4,La Rioja,16367.0,12.0,16587.0,1.33,13.0,-8.33
467,2019,1,La Rioja,16367.0,12.0,16367.0,0.0,12.0,0.0
443,2019,2,La Rioja,15014.0,11.0,16367.0,8.27,12.0,-9.09
419,2019,3,La Rioja,14390.0,11.0,15014.0,4.16,11.0,0.0
395,2019,4,La Rioja,13738.0,0.0,14390.0,4.53,11.0,0.0
371,2020,1,La Rioja,13076.0,0.0,13738.0,4.82,0.0,0.0
347,2020,2,La Rioja,16885.0,1.0,13076.0,-29.13,0.0,100.0
323,2020,3,La Rioja,17346.0,1.0,16885.0,-2.73,1.0,0.0
299,2020,4,La Rioja,17513.0,1.0,17346.0,-0.96,1.0,0.0
275,2021,1,La Rioja,17363.0,1.0,17513.0,0.86,1.0,0.0
251,2021,2,La Rioja,11627.0,9445.0,17363.0,33.04,1.0,99.99
227,2021,3,La Rioja,11329.0,9444.0,11627.0,2.56,9445.0,-0.01
203,2021,4,La Rioja,10387.0,9446.0,11329.0,8.31,9444.0,0.02
179,2022,1,La Rioja,9103.0,9546.0,10387.0,12.36,9446.0,1.05
155,2022,2,La Rioja,7759.0,19189.0,9103.0,14.76,9546.0,50.25
131,2022,3,La Rioja,6842.0,19697.0,7759.0,11.82,19189.0,2.58
107,2022,4,La Rioja,6120.0,19328.0,6842.0,10.55,19697.0,-1.91
83,2023,1,La Rioja,4652.0,20722.0,6120.0,23.99,19328.0,6.73
59,2023,2,La Rioja,4152.0,21245.0,4652.0,10.75,20722.0,2.46
35,2023,3,La Rioja,3726.0,22054.0,4152.0,10.26,21245.0,3.67
11,2023,4,La Rioja,3296.0,22559.0,3726.0,11.54,22054.0,2.24
948,2014,1,Mendoza,148970.0,2480.0,,,,
924,2014,2,Mendoza,148979.0,2480.0,148970.0,-0.01,2480.0,0.0
900,2014,3,Mendoza,150120.0,2512.0,148979.0,-0.77,2480.0,1.27
876,2014,4,Mendoza,151797.0,2534.0,150120.0,-1.12,2512.0,0.87
852,2015,1,Mendoza,152433.0,2542.0,151797.0,-0.42,2534.0,0.31
828,2015,2,Mendoza,153301.0,2572.0,152433.0,-0.57,2542.0,1.17
804,2015,3,Mendoza,153299.0,2572.0,153301.0,0.0,2572.0,0.0
780,2015,4,Mendoza,153293.0,2572.0,153299.0,0.0,2572.0,0.0
756,2016,1,Mendoza,153299.0,2576.0,153293.0,-0.0,2572.0,0.16
732,2016,2,Mendoza,153321.0,2576.0,153299.0,-0.01,2576.0,0.0
708,2016,3,Mendoza,153233.0,2576.0,153321.0,0.06,2576.0,0.0
684,2016,4,Mendoza,153320.0,2579.0,153233.0,-0.06,2576.0,0.12
660,2017,1,Mendoza,153326.0,2581.0,153320.0,-0.0,2579.0,0.08
636,2017,2,Mendoza,153331.0,2581.0,153326.0,-0.0,2581.0,0.0
612,2017,3,Mendoza,154036.0,2772.0,153331.0,-0.46,2581.0,6.89
588,2017,4,Mendoza,152896.0,3015.0,154036.0,0.74,2772.0,8.06
564,2018,1,Mendoza,152931.0,3086.0,152896.0,-0.02,3015.0,2.3
540,2018,2,Mendoza,152938.0,3084.0,152931.0,-0.0,3086.0,-0.06
516,2018,3,Mendoza,151033.0,5744.0,152938.0,1.25,3084.0,46.31
492,2018,4,Mendoza,148524.0,5665.0,151033.0,1.66,5744.0,-1.39
468,2019,1,Mendoza,148524.0,5662.0,148524.0,0.0,5665.0,-0.05
444,2019,2,Mendoza,148673.0,6865.0,148524.0,-0.1,5662.0,17.52
420,2019,3,Mendoza,148640.0,6865.0,148673.0,0.02,6865.0,0.0
396,2019,4,Mendoza,96678.0,24989.0,148640.0,34.96,6865.0,72.53
372,2020,1,Mendoza,91955.0,28059.0,96678.0,4.89,24989.0,10.94
348,2020,2,Mendoza,91904.0,29613.0,91955.0,0.06,28059.0,5.25
324,2020,3,Mendoza,91908.0,32817.0,91904.0,-0.0,29613.0,9.76
300,2020,4,Mendoza,91842.0,36083.0,91908.0,0.07,32817.0,9.05
276,2021,1,Mendoza,91844.0,38619.0,91842.0,-0.0,36083.0,6.57
252,2021,2,Mendoza,91503.0,44696.0,91844.0,0.37,38619.0,13.6
228,2021,3,Mendoza,91474.0,70579.0,91503.0,0.03,44696.0,36.67
204,2021,4,Mendoza,59842.0,109667.0,91474.0,34.58,70579.0,35.64
180,2022,1,Mendoza,49464.0,123228.0,59842.0,17.34,109667.0,11.0
156,2022,2,Mendoza,37663.0,135504.0,49464.0,23.86,123228.0,9.06
132,2022,3,Mendoza,37659.0,142615.0,37663.0,0.01,135504.0,4.99
108,2022,4,Mendoza,37655.0,147080.0,37659.0,0.01,142615.0,3.04
84,2023,1,Mendoza,37646.0,152534.0,37655.0,0.02,147080.0,3.58
60,2023,2,Mendoza,25299.0,171857.0,37646.0,32.8,152534.0,11.24
36,2023,3,Mendoza,17677.0,178719.0,25299.0,30.13,171857.0,3.84
12,2023,4,Mendoza,17676.0,182220.0,17677.0,0.01,178719.0,1.92
949,2014,1,Misiones,56597.0,4.0,,,,
925,2014,2,Misiones,56933.0,4.0,56597.0,-0.59,4.0,0.0
901,2014,3,Misiones,56933.0,4.0,56933.0,0.0,4.0,0.0
877,2014,4,Misiones,58435.0,16.0,56933.0,-2.64,4.0,75.0
853,2015,1,Misiones,58262.0,30.0,58435.0,0.3,16.0,46.67
829,2015,2,Misiones,59179.0,37.0,58262.0,-1.57,30.0,18.92
805,2015,3,Misiones,59921.0,46.0,59179.0,-1.25,37.0,19.57
781,2015,4,Misiones,60252.0,48.0,59921.0,-0.55,46.0,4.17
757,2016,1,Misiones,59538.0,70.0,60252.0,1.19,48.0,31.43
733,2016,2,Misiones,59573.0,77.0,59538.0,-0.06,70.0,9.09
709,2016,3,Misiones,59776.0,79.0,59573.0,-0.34,77.0,2.53
685,2016,4,Misiones,57983.0,100.0,59776.0,3.0,79.0,21.0
661,2017,1,Misiones,57363.0,101.0,57983.0,1.07,100.0,0.99
637,2017,2,Misiones,56752.0,103.0,57363.0,1.07,101.0,1.94
613,2017,3,Misiones,56472.0,110.0,56752.0,0.49,103.0,6.36
589,2017,4,Misiones,56271.0,95.0,56472.0,0.36,110.0,-15.79
565,2018,1,Misiones,56311.0,328.0,56271.0,-0.07,95.0,71.04
541,2018,2,Misiones,57265.0,512.0,56311.0,-1.69,328.0,35.94
517,2018,3,Misiones,56290.0,512.0,57265.0,1.7,512.0,0.0
493,2018,4,Misiones,55500.0,465.0,56290.0,1.4,512.0,-10.11
469,2019,1,Misiones,54898.0,465.0,55500.0,1.08,465.0,0.0
445,2019,2,Misiones,55373.0,543.0,54898.0,-0.87,465.0,14.36
421,2019,3,Misiones,54493.0,829.0,55373.0,1.59,543.0,34.5
397,2019,4,Misiones,53116.0,847.0,54493.0,2.53,829.0,2.13
373,2020,1,Misiones,51458.0,1220.0,53116.0,3.12,847.0,30.57
349,2020,2,Misiones,50792.0,2579.0,51458.0,1.29,1220.0,52.69
325,2020,3,Misiones,50195.0,2572.0,50792.0,1.18,2579.0,-0.27
301,2020,4,Misiones,49462.0,6589.0,50195.0,1.46,2572.0,60.97
277,2021,1,Misiones,48292.0,7064.0,49462.0,2.37,6589.0,6.72
253,2021,2,Misiones,44960.0,10376.0,48292.0,6.9,7064.0,31.92
229,2021,3,Misiones,43230.0,10969.0,44960.0,3.85,10376.0,5.41
205,2021,4,Misiones,41778.0,22035.0,43230.0,3.36,10969.0,50.22
181,2022,1,Misiones,39147.0,25178.0,41778.0,6.3,22035.0,12.48
157,2022,2,Misiones,37208.0,33649.0,39147.0,4.95,25178.0,25.17
133,2022,3,Misiones,35513.0,39046.0,37208.0,4.56,33649.0,13.82
109,2022,4,Misiones,33204.0,46885.0,35513.0,6.5,39046.0,16.72
85,2023,1,Misiones,30455.0,56619.0,33204.0,8.28,46885.0,17.19
61,2023,2,Misiones,28897.0,64406.0,30455.0,5.12,56619.0,12.09
37,2023,3,Misiones,27934.0,70003.0,28897.0,3.33,64406.0,8.0
13,2023,4,Misiones,25840.0,75382.0,27934.0,7.5,70003.0,7.14
950,2014,1,Neuquén,47790.0,997.0,,,,
926,2014,2,Neuquén,47767.0,997.0,47790.0,0.05,997.0,0.0
902,2014,3,Neuquén,54458.0,1000.0,47767.0,-14.01,997.0,0.3
878,2014,4,Neuquén,47721.0,1014.0,54458.0,12.37,1000.0,1.38
854,2015,1,Neuquén,47518.0,1024.0,47721.0,0.43,1014.0,0.98
830,2015,2,Neuquén,47078.0,1044.0,47518.0,0.93,1024.0,1.92
806,2015,3,Neuquén,47102.0,1045.0,47078.0,-0.05,1044.0,0.1
782,2015,4,Neuquén,51680.0,1048.0,47102.0,-9.72,1045.0,0.29
758,2016,1,Neuquén,51702.0,1085.0,51680.0,-0.04,1048.0,3.41
734,2016,2,Neuquén,51742.0,1088.0,51702.0,-0.08,1085.0,0.28
710,2016,3,Neuquén,51752.0,1093.0,51742.0,-0.02,1088.0,0.46
686,2016,4,Neuquén,51742.0,1124.0,51752.0,0.02,1093.0,2.76
662,2017,1,Neuquén,51771.0,1124.0,51742.0,-0.06,1124.0,0.0
638,2017,2,Neuquén,51794.0,1133.0,51771.0,-0.04,1124.0,0.79
614,2017,3,Neuquén,48001.0,1044.0,51794.0,7.32,1133.0,-8.52
590,2017,4,Neuquén,46739.0,1017.0,48001.0,2.63,1044.0,-2.65
566,2018,1,Neuquén,46714.0,1000.0,46739.0,0.05,1017.0,-1.7
542,2018,2,Neuquén,46633.0,998.0,46714.0,0.17,1000.0,-0.2
518,2018,3,Neuquén,46602.0,998.0,46633.0,0.07,998.0,0.0
494,2018,4,Neuquén,40747.0,3115.0,46602.0,12.56,998.0,67.96
470,2019,1,Neuquén,40747.0,3114.0,40747.0,0.0,3115.0,-0.03
446,2019,2,Neuquén,43420.0,4983.0,40747.0,-6.56,3114.0,37.51
422,2019,3,Neuquén,43347.0,5560.0,43420.0,0.17,4983.0,10.38
398,2019,4,Neuquén,29826.0,10549.0,43347.0,31.19,5560.0,47.29
374,2020,1,Neuquén,29305.0,11031.0,29826.0,1.75,10549.0,4.37
350,2020,2,Neuquén,30256.0,11037.0,29305.0,-3.25,11031.0,0.05
326,2020,3,Neuquén,30222.0,11043.0,30256.0,0.11,11037.0,0.05
302,2020,4,Neuquén,30468.0,13732.0,30222.0,-0.81,11043.0,19.58
278,2021,1,Neuquén,30223.0,14171.0,30468.0,0.8,13732.0,3.1
254,2021,2,Neuquén,30083.0,15619.0,30223.0,0.46,14171.0,9.27
230,2021,3,Neuquén,29650.0,16455.0,30083.0,1.44,15619.0,5.08
206,2021,4,Neuquén,29175.0,23253.0,29650.0,1.6,16455.0,29.23
182,2022,1,Neuquén,28443.0,24193.0,29175.0,2.51,23253.0,3.89
158,2022,2,Neuquén,29749.0,28824.0,28443.0,-4.59,24193.0,16.07
134,2022,3,Neuquén,29352.0,29396.0,29749.0,1.33,28824.0,1.95
110,2022,4,Neuquén,28609.0,31567.0,29352.0,2.53,29396.0,6.88
86,2023,1,Neuquén,28030.0,32296.0,28609.0,2.02,31567.0,2.26
62,2023,2,Neuquén,26379.0,35171.0,28030.0,5.89,32296.0,8.17
38,2023,3,Neuquén,24527.0,39243.0,26379.0,7.02,35171.0,10.38
14,2023,4,Neuquén,24122.0,41583.0,24527.0,1.65,39243.0,5.63
951,2014,1,Río Negro,64886.0,876.0,,,,
927,2014,2,Río Negro,64920.0,876.0,64886.0,-0.05,876.0,0.0
903,2014,3,Río Negro,65264.0,888.0,64920.0,-0.53,876.0,1.35
879,2014,4,Río Negro,66307.0,901.0,65264.0,-1.6,888.0,1.44
855,2015,1,Río Negro,66274.0,907.0,66307.0,0.05,901.0,0.66
831,2015,2,Río Negro,66738.0,916.0,66274.0,-0.7,907.0,0.98
807,2015,3,Río Negro,66806.0,917.0,66738.0,-0.1,916.0,0.11
783,2015,4,Río Negro,66851.0,915.0,66806.0,-0.07,917.0,-0.22
759,2016,1,Río Negro,66894.0,937.0,66851.0,-0.06,915.0,2.35
735,2016,2,Río Negro,67031.0,939.0,66894.0,-0.2,937.0,0.21
711,2016,3,Río Negro,67043.0,942.0,67031.0,-0.02,939.0,0.32
687,2016,4,Río Negro,67057.0,954.0,67043.0,-0.02,942.0,1.26
663,2017,1,Río Negro,67075.0,954.0,67057.0,-0.03,954.0,0.0
639,2017,2,Río Negro,67038.0,961.0,67075.0,0.06,954.0,0.73
615,2017,3,Río Negro,69301.0,1106.0,67038.0,-3.38,961.0,13.11
591,2017,4,Río Negro,68690.0,1250.0,69301.0,0.88,1106.0,11.52
567,2018,1,Río Negro,68769.0,1251.0,68690.0,-0.12,1250.0,0.08
543,2018,2,Río Negro,68667.0,1252.0,68769.0,0.15,1251.0,0.08
519,2018,3,Río Negro,68590.0,1252.0,68667.0,0.11,1252.0,0.0
495,2018,4,Río Negro,68377.0,1299.0,68590.0,0.31,1252.0,3.62
471,2019,1,Río Negro,68377.0,3994.0,68377.0,0.0,1299.0,67.48
447,2019,2,Río Negro,67841.0,4037.0,68377.0,0.78,3994.0,1.07
423,2019,3,Río Negro,67478.0,9739.0,67841.0,0.54,4037.0,58.55
399,2019,4,Río Negro,49747.0,9658.0,67478.0,26.28,9739.0,-0.84
375,2020,1,Río Negro,47756.0,10381.0,49747.0,4.0,9658.0,6.96
351,2020,2,Río Negro,49756.0,10382.0,47756.0,-4.19,10381.0,0.01
327,2020,3,Río Negro,49530.0,10381.0,49756.0,0.45,10382.0,-0.01
303,2020,4,Río Negro,48991.0,17826.0,49530.0,1.09,10381.0,41.76
279,2021,1,Río Negro,48777.0,17828.0,48991.0,0.44,17826.0,0.01
255,2021,2,Río Negro,48189.0,18727.0,48777.0,1.21,17828.0,4.8
231,2021,3,Río Negro,47934.0,18725.0,48189.0,0.53,18727.0,-0.01
207,2021,4,Río Negro,42037.0,32212.0,47934.0,12.3,18725.0,41.87
183,2022,1,Río Negro,38662.0,38037.0,42037.0,8.03,32212.0,15.31
159,2022,2,Río Negro,36050.0,40946.0,38662.0,6.76,38037.0,7.1
135,2022,3,Río Negro,35552.0,41017.0,36050.0,1.38,40946.0,0.17
111,2022,4,Río Negro,34043.0,43958.0,35552.0,4.24,41017.0,6.69
87,2023,1,Río Negro,33604.0,45329.0,34043.0,1.29,43958.0,3.02
63,2023,2,Río Negro,26390.0,53325.0,33604.0,21.47,45329.0,14.99
39,2023,3,Río Negro,22422.0,56668.0,26390.0,15.04,53325.0,5.9
15,2023,4,Río Negro,21192.0,64323.0,22422.0,5.49,56668.0,11.9
952,2014,1,Salta,73131.0,45.0,,,,
928,2014,2,Salta,73841.0,45.0,73131.0,-0.97,45.0,0.0
904,2014,3,Salta,73828.0,43.0,73841.0,0.02,45.0,-4.65
880,2014,4,Salta,76026.0,48.0,73828.0,-2.98,43.0,10.42
856,2015,1,Salta,76280.0,47.0,76026.0,-0.33,48.0,-2.13
832,2015,2,Salta,77214.0,47.0,76280.0,-1.22,47.0,0.0
808,2015,3,Salta,78064.0,47.0,77214.0,-1.1,47.0,0.0
784,2015,4,Salta,78744.0,47.0,78064.0,-0.87,47.0,0.0
760,2016,1,Salta,78973.0,73.0,78744.0,-0.29,47.0,35.62
736,2016,2,Salta,79438.0,85.0,78973.0,-0.59,73.0,14.12
712,2016,3,Salta,80866.0,90.0,79438.0,-1.8,85.0,5.56
688,2016,4,Salta,79389.0,110.0,80866.0,1.83,90.0,18.18
664,2017,1,Salta,79837.0,114.0,79389.0,-0.56,110.0,3.51
640,2017,2,Salta,80184.0,115.0,79837.0,-0.43,114.0,0.87
616,2017,3,Salta,80782.0,127.0,80184.0,-0.75,115.0,9.45
592,2017,4,Salta,80705.0,127.0,80782.0,0.1,127.0,0.0
568,2018,1,Salta,79936.0,118.0,80705.0,0.95,127.0,-7.63
544,2018,2,Salta,78386.0,678.0,79936.0,1.94,118.0,82.6
520,2018,3,Salta,76600.0,678.0,78386.0,2.28,678.0,0.0
496,2018,4,Salta,74295.0,638.0,76600.0,3.01,678.0,-6.27
472,2019,1,Salta,74426.0,647.0,74295.0,-0.18,638.0,1.39
448,2019,2,Salta,68827.0,725.0,74426.0,7.52,647.0,10.76
424,2019,3,Salta,65799.0,733.0,68827.0,4.4,725.0,1.09
400,2019,4,Salta,63272.0,21865.0,65799.0,3.84,733.0,96.65
376,2020,1,Salta,60426.0,23025.0,63272.0,4.5,21865.0,5.04
352,2020,2,Salta,59502.0,24289.0,60426.0,1.53,23025.0,5.2
328,2020,3,Salta,58216.0,25445.0,59502.0,2.16,24289.0,4.54
304,2020,4,Salta,56659.0,30604.0,58216.0,2.67,25445.0,16.86
280,2021,1,Salta,54768.0,31498.0,56659.0,3.34,30604.0,2.84
256,2021,2,Salta,51396.0,32050.0,54768.0,6.16,31498.0,1.72
232,2021,3,Salta,49212.0,36126.0,51396.0,4.25,32050.0,11.28
208,2021,4,Salta,46972.0,39555.0,49212.0,4.55,36126.0,8.67
184,2022,1,Salta,44714.0,40994.0,46972.0,4.81,39555.0,3.51
160,2022,2,Salta,42665.0,47076.0,44714.0,4.58,40994.0,12.92
136,2022,3,Salta,40006.0,50254.0,42665.0,6.23,47076.0,6.32
112,2022,4,Salta,36939.0,53470.0,40006.0,7.67,50254.0,6.01
88,2023,1,Salta,33427.0,56259.0,36939.0,9.51,53470.0,4.96
64,2023,2,Salta,30666.0,58275.0,33427.0,8.26,56259.0,3.46
40,2023,3,Salta,29113.0,59914.0,30666.0,5.06,58275.0,2.74
16,2023,4,Salta,26765.0,60800.0,29113.0,8.07,59914.0,1.46
953,2014,1,San Juan,48161.0,722.0,,,,
929,2014,2,San Juan,48161.0,722.0,48161.0,0.0,722.0,0.0
905,2014,3,San Juan,48272.0,731.0,48161.0,-0.23,722.0,1.23
881,2014,4,San Juan,48653.0,740.0,48272.0,-0.79,731.0,1.22
857,2015,1,San Juan,48441.0,755.0,48653.0,0.44,740.0,1.99
833,2015,2,San Juan,48670.0,770.0,48441.0,-0.47,755.0,1.95
809,2015,3,San Juan,48670.0,770.0,48670.0,0.0,770.0,0.0
785,2015,4,San Juan,48670.0,770.0,48670.0,0.0,770.0,0.0
761,2016,1,San Juan,48670.0,770.0,48670.0,0.0,770.0,0.0
737,2016,2,San Juan,48670.0,770.0,48670.0,0.0,770.0,0.0
713,2016,3,San Juan,48670.0,770.0,48670.0,0.0,770.0,0.0
689,2016,4,San Juan,48670.0,772.0,48670.0,0.0,770.0,0.26
665,2017,1,San Juan,48670.0,772.0,48670.0,0.0,772.0,0.0
641,2017,2,San Juan,48670.0,772.0,48670.0,0.0,772.0,0.0
617,2017,3,San Juan,54499.0,816.0,48670.0,-11.98,772.0,5.39
593,2017,4,San Juan,54079.0,812.0,54499.0,0.77,816.0,-0.49
569,2018,1,San Juan,54080.0,826.0,54079.0,-0.0,812.0,1.69
545,2018,2,San Juan,54080.0,826.0,54080.0,0.0,826.0,0.0
521,2018,3,San Juan,54025.0,826.0,54080.0,0.1,826.0,0.0
497,2018,4,San Juan,51660.0,806.0,54025.0,4.38,826.0,-2.48
473,2019,1,San Juan,51660.0,808.0,51660.0,0.0,806.0,0.25
449,2019,2,San Juan,51680.0,1174.0,51660.0,-0.04,808.0,31.18
425,2019,3,San Juan,51670.0,1227.0,51680.0,0.02,1174.0,4.32
401,2019,4,San Juan,41360.0,4931.0,51670.0,19.95,1227.0,75.12
377,2020,1,San Juan,40092.0,5508.0,41360.0,3.07,4931.0,10.48
353,2020,2,San Juan,40092.0,5509.0,40092.0,0.0,5508.0,0.02
329,2020,3,San Juan,40092.0,5509.0,40092.0,0.0,5509.0,0.0
305,2020,4,San Juan,40072.0,6599.0,40092.0,0.05,5509.0,16.52
281,2021,1,San Juan,40072.0,6671.0,40072.0,0.0,6599.0,1.08
257,2021,2,San Juan,40072.0,6673.0,40072.0,0.0,6671.0,0.03
233,2021,3,San Juan,40072.0,6670.0,40072.0,0.0,6673.0,-0.04
209,2021,4,San Juan,35868.0,11072.0,40072.0,10.49,6670.0,39.76
185,2022,1,San Juan,34038.0,11294.0,35868.0,5.1,11072.0,1.97
161,2022,2,San Juan,38570.0,12328.0,34038.0,-13.31,11294.0,8.39
137,2022,3,San Juan,38570.0,12328.0,38570.0,0.0,12328.0,0.0
113,2022,4,San Juan,38570.0,12491.0,38570.0,0.0,12328.0,1.3
89,2023,1,San Juan,38568.0,12798.0,38570.0,0.01,12491.0,2.4
65,2023,2,San Juan,21483.0,25217.0,38568.0,44.3,12798.0,49.25
41,2023,3,San Juan,12669.0,42383.0,21483.0,41.03,25217.0,40.5
17,2023,4,San Juan,12669.0,42691.0,12669.0,0.0,42383.0,0.72
954,2014,1,San Luis,11306.0,354.0,,,,
930,2014,2,San Luis,11306.0,354.0,11306.0,0.0,354.0,0.0
906,2014,3,San Luis,11303.0,355.0,11306.0,0.03,354.0,0.28
882,2014,4,San Luis,11419.0,355.0,11303.0,-1.03,355.0,0.0
858,2015,1,San Luis,11414.0,351.0,11419.0,0.04,355.0,-1.14
834,2015,2,San Luis,11432.0,354.0,11414.0,-0.16,351.0,0.85
810,2015,3,San Luis,11432.0,354.0,11432.0,0.0,354.0,0.0
786,2015,4,San Luis,11432.0,354.0,11432.0,0.0,354.0,0.0
762,2016,1,San Luis,11432.0,354.0,11432.0,0.0,354.0,0.0
738,2016,2,San Luis,11432.0,354.0,11432.0,0.0,354.0,0.0
714,2016,3,San Luis,11432.0,354.0,11432.0,0.0,354.0,0.0
690,2016,4,San Luis,11432.0,354.0,11432.0,0.0,354.0,0.0
666,2017,1,San Luis,11432.0,354.0,11432.0,0.0,354.0,0.0
642,2017,2,San Luis,11432.0,354.0,11432.0,0.0,354.0,0.0
618,2017,3,San Luis,11407.0,347.0,11432.0,0.22,354.0,-2.02
594,2017,4,San Luis,11104.0,335.0,11407.0,2.66,347.0,-3.58
570,2018,1,San Luis,11104.0,368.0,11104.0,0.0,335.0,8.97
546,2018,2,San Luis,11104.0,368.0,11104.0,0.0,368.0,0.0
522,2018,3,San Luis,11096.0,368.0,11104.0,0.07,368.0,0.0
498,2018,4,San Luis,11108.0,378.0,11096.0,-0.11,368.0,2.65
474,2019,1,San Luis,11108.0,378.0,11108.0,0.0,378.0,0.0
450,2019,2,San Luis,11130.0,347.0,11108.0,-0.2,378.0,-8.93
426,2019,3,San Luis,13037.0,350.0,11130.0,-17.13,347.0,0.86
402,2019,4,San Luis,8569.0,6.0,13037.0,34.27,350.0,-5733.33
378,2020,1,San Luis,8301.0,5.0,8569.0,3.13,6.0,-20.0
354,2020,2,San Luis,8401.0,6.0,8301.0,-1.2,5.0,16.67
330,2020,3,San Luis,8401.0,6.0,8401.0,0.0,6.0,0.0
306,2020,4,San Luis,8417.0,27.0,8401.0,-0.19,6.0,77.78
282,2021,1,San Luis,8417.0,28.0,8417.0,0.0,27.0,3.57
258,2021,2,San Luis,8417.0,28.0,8417.0,0.0,28.0,0.0
234,2021,3,San Luis,8417.0,27.0,8417.0,0.0,28.0,-3.7
210,2021,4,San Luis,8472.0,30.0,8417.0,-0.65,27.0,10.0
186,2022,1,San Luis,7987.0,31.0,8472.0,5.72,30.0,3.23
162,2022,2,San Luis,6860.0,248.0,7987.0,14.11,31.0,87.5
138,2022,3,San Luis,6860.0,248.0,6860.0,0.0,248.0,0.0
114,2022,4,San Luis,6283.0,3409.0,6860.0,8.41,248.0,92.73
90,2023,1,San Luis,6283.0,6952.0,6283.0,0.0,3409.0,50.96
66,2023,2,San Luis,4937.0,15595.0,6283.0,21.42,6952.0,55.42
42,2023,3,San Luis,4037.0,24525.0,4937.0,18.23,15595.0,36.41
18,2023,4,San Luis,4037.0,30135.0,4037.0,0.0,24525.0,18.62
955,2014,1,Santa Cruz,18927.0,381.0,,,,
931,2014,2,Santa Cruz,18956.0,381.0,18927.0,-0.15,381.0,0.0
907,2014,3,Santa Cruz,17862.0,385.0,18956.0,5.77,381.0,1.04
883,2014,4,Santa Cruz,17553.0,388.0,17862.0,1.73,385.0,0.77
859,2015,1,Santa Cruz,16215.0,392.0,17553.0,7.62,388.0,1.02
835,2015,2,Santa Cruz,15343.0,396.0,16215.0,5.38,392.0,1.01
811,2015,3,Santa Cruz,15540.0,396.0,15343.0,-1.28,396.0,0.0
787,2015,4,Santa Cruz,15614.0,396.0,15540.0,-0.48,396.0,0.0
763,2016,1,Santa Cruz,15654.0,396.0,15614.0,-0.26,396.0,0.0
739,2016,2,Santa Cruz,15453.0,396.0,15654.0,1.28,396.0,0.0
715,2016,3,Santa Cruz,15570.0,817.0,15453.0,-0.76,396.0,51.53
691,2016,4,Santa Cruz,15607.0,1055.0,15570.0,-0.24,817.0,22.56
667,2017,1,Santa Cruz,15502.0,1272.0,15607.0,0.67,1055.0,17.06
643,2017,2,Santa Cruz,15311.0,1365.0,15502.0,1.23,1272.0,6.81
619,2017,3,Santa Cruz,19220.0,1544.0,15311.0,-25.53,1365.0,11.59
595,2017,4,Santa Cruz,18614.0,582.0,19220.0,3.15,1544.0,-165.29
571,2018,1,Santa Cruz,18615.0,1799.0,18614.0,-0.01,582.0,67.65
547,2018,2,Santa Cruz,18615.0,585.0,18615.0,0.0,1799.0,-207.52
523,2018,3,Santa Cruz,18606.0,585.0,18615.0,0.05,585.0,0.0
499,2018,4,Santa Cruz,10659.0,382.0,18606.0,42.71,585.0,-53.14
475,2019,1,Santa Cruz,10659.0,382.0,10659.0,0.0,382.0,0.0
451,2019,2,Santa Cruz,10665.0,379.0,10659.0,-0.06,382.0,-0.79
427,2019,3,Santa Cruz,10663.0,969.0,10665.0,0.02,379.0,60.89
403,2019,4,Santa Cruz,13264.0,1036.0,10663.0,-24.39,969.0,6.47
379,2020,1,Santa Cruz,12845.0,1026.0,13264.0,3.16,1036.0,-0.97
355,2020,2,Santa Cruz,12845.0,1027.0,12845.0,0.0,1026.0,0.1
331,2020,3,Santa Cruz,12845.0,1027.0,12845.0,0.0,1027.0,0.0
307,2020,4,Santa Cruz,12347.0,1041.0,12845.0,3.88,1027.0,1.34
283,2021,1,Santa Cruz,12347.0,5975.0,12347.0,0.0,1041.0,82.58
259,2021,2,Santa Cruz,12347.0,6328.0,12347.0,0.0,5975.0,5.58
235,2021,3,Santa Cruz,12347.0,6328.0,12347.0,0.0,6328.0,0.0
211,2021,4,Santa Cruz,10790.0,10031.0,12347.0,12.61,6328.0,36.92
187,2022,1,Santa Cruz,10537.0,10766.0,10790.0,2.34,10031.0,6.83
163,2022,2,Santa Cruz,10170.0,10815.0,10537.0,3.48,10766.0,0.45
139,2022,3,Santa Cruz,10170.0,10815.0,10170.0,0.0,10815.0,0.0
115,2022,4,Santa Cruz,9702.0,12217.0,10170.0,4.6,10815.0,11.48
91,2023,1,Santa Cruz,9702.0,12217.0,9702.0,0.0,12217.0,0.0
67,2023,2,Santa Cruz,9019.0,11269.0,9702.0,7.04,12217.0,-8.41
43,2023,3,Santa Cruz,8376.0,11270.0,9019.0,7.13,11269.0,0.01
19,2023,4,Santa Cruz,7768.0,55246.0,8376.0,7.26,11270.0,79.6
956,2014,1,Santa Fe,322662.0,3059.0,,,,
932,2014,2,Santa Fe,324101.0,3085.0,322662.0,-0.45,3059.0,0.84
908,2014,3,Santa Fe,325577.0,4407.0,324101.0,-0.46,3085.0,30.0
884,2014,4,Santa Fe,335267.0,3205.0,325577.0,-2.98,4407.0,-37.5
860,2015,1,Santa Fe,328809.0,2845.0,335267.0,1.93,3205.0,-12.65
836,2015,2,Santa Fe,333117.0,2877.0,328809.0,-1.31,2845.0,1.11
812,2015,3,Santa Fe,337042.0,4169.0,333117.0,-1.18,2877.0,30.99
788,2015,4,Santa Fe,339843.0,2885.0,337042.0,-0.83,4169.0,-44.51
764,2016,1,Santa Fe,338052.0,3014.0,339843.0,0.53,2885.0,4.28
740,2016,2,Santa Fe,336244.0,2981.0,338052.0,0.53,3014.0,-1.11
716,2016,3,Santa Fe,334911.0,3037.0,336244.0,0.4,2981.0,1.84
692,2016,4,Santa Fe,326721.0,3201.0,334911.0,2.45,3037.0,5.12
668,2017,1,Santa Fe,327458.0,3210.0,326721.0,-0.23,3201.0,0.28
644,2017,2,Santa Fe,329813.0,3234.0,327458.0,-0.72,3210.0,0.74
620,2017,3,Santa Fe,322953.0,6338.0,329813.0,2.08,3234.0,48.97
596,2017,4,Santa Fe,341680.0,10602.0,322953.0,-5.8,6338.0,40.22
572,2018,1,Santa Fe,341997.0,10674.0,341680.0,-0.09,10602.0,0.67
548,2018,2,Santa Fe,337934.0,11354.0,341997.0,1.19,10674.0,5.99
524,2018,3,Santa Fe,339126.0,11749.0,337934.0,-0.35,11354.0,3.36
500,2018,4,Santa Fe,335519.0,14387.0,339126.0,1.06,11749.0,18.34
476,2019,1,Santa Fe,340038.0,15621.0,335519.0,-1.35,14387.0,7.9
452,2019,2,Santa Fe,325420.0,18236.0,340038.0,4.3,15621.0,14.34
428,2019,3,Santa Fe,319396.0,18690.0,325420.0,1.85,18236.0,2.43
404,2019,4,Santa Fe,312072.0,27464.0,319396.0,2.29,18690.0,31.95
380,2020,1,Santa Fe,302366.0,35123.0,312072.0,3.11,27464.0,21.81
356,2020,2,Santa Fe,299974.0,46698.0,302366.0,0.79,35123.0,24.79
332,2020,3,Santa Fe,295051.0,45721.0,299974.0,1.64,46698.0,-2.14
308,2020,4,Santa Fe,287271.0,62692.0,295051.0,2.64,45721.0,27.07
284,2021,1,Santa Fe,277012.0,70976.0,287271.0,3.57,62692.0,11.67
260,2021,2,Santa Fe,256741.0,90424.0,277012.0,7.32,70976.0,21.51
236,2021,3,Santa Fe,245929.0,93412.0,256741.0,4.21,90424.0,3.2
212,2021,4,Santa Fe,233427.0,128856.0,245929.0,5.08,93412.0,27.51
188,2022,1,Santa Fe,213486.0,146552.0,233427.0,8.54,128856.0,12.07
164,2022,2,Santa Fe,198492.0,189503.0,213486.0,7.02,146552.0,22.67
140,2022,3,Santa Fe,183740.0,215189.0,198492.0,7.43,189503.0,11.94
116,2022,4,Santa Fe,163621.0,248558.0,183740.0,10.95,215189.0,13.43
92,2023,1,Santa Fe,138935.0,283988.0,163621.0,15.09,248558.0,12.48
68,2023,2,Santa Fe,126344.0,311166.0,138935.0,9.06,283988.0,8.73
44,2023,3,Santa Fe,108503.0,336013.0,126344.0,14.12,311166.0,7.39
20,2023,4,Santa Fe,97004.0,355762.0,108503.0,10.6,336013.0,5.55
957,2014,1,Santiago Del Estero,32567.0,19.0,,,,
933,2014,2,Santiago Del Estero,32820.0,19.0,32567.0,-0.78,19.0,0.0
909,2014,3,Santiago Del Estero,32820.0,19.0,32820.0,0.0,19.0,0.0
885,2014,4,Santiago Del Estero,34110.0,19.0,32820.0,-3.93,19.0,0.0
861,2015,1,Santiago Del Estero,33813.0,19.0,34110.0,0.87,19.0,0.0
837,2015,2,Santiago Del Estero,33873.0,19.0,33813.0,-0.18,19.0,0.0
813,2015,3,Santiago Del Estero,33886.0,19.0,33873.0,-0.04,19.0,0.0
789,2015,4,Santiago Del Estero,33582.0,19.0,33886.0,0.9,19.0,0.0
765,2016,1,Santiago Del Estero,32838.0,19.0,33582.0,2.22,19.0,0.0
741,2016,2,Santiago Del Estero,32101.0,19.0,32838.0,2.24,19.0,0.0
717,2016,3,Santiago Del Estero,31730.0,19.0,32101.0,1.16,19.0,0.0
693,2016,4,Santiago Del Estero,30192.0,19.0,31730.0,4.85,19.0,0.0
669,2017,1,Santiago Del Estero,29616.0,19.0,30192.0,1.91,19.0,0.0
645,2017,2,Santiago Del Estero,28337.0,19.0,29616.0,4.32,19.0,0.0
621,2017,3,Santiago Del Estero,27733.0,19.0,28337.0,2.13,19.0,0.0
597,2017,4,Santiago Del Estero,27313.0,19.0,27733.0,1.51,19.0,0.0
573,2018,1,Santiago Del Estero,26788.0,23.0,27313.0,1.92,19.0,17.39
549,2018,2,Santiago Del Estero,26074.0,23.0,26788.0,2.67,23.0,0.0
525,2018,3,Santiago Del Estero,25805.0,23.0,26074.0,1.03,23.0,0.0
501,2018,4,Santiago Del Estero,25339.0,23.0,25805.0,1.81,23.0,0.0
477,2019,1,Santiago Del Estero,25337.0,23.0,25339.0,0.01,23.0,0.0
453,2019,2,Santiago Del Estero,24393.0,219.0,25337.0,3.73,23.0,89.5
429,2019,3,Santiago Del Estero,24556.0,219.0,24393.0,-0.67,219.0,0.0
405,2019,4,Santiago Del Estero,24682.0,200.0,24556.0,-0.51,219.0,-9.5
381,2020,1,Santiago Del Estero,24695.0,200.0,24682.0,-0.05,200.0,0.0
357,2020,2,Santiago Del Estero,25917.0,355.0,24695.0,-4.95,200.0,43.66
333,2020,3,Santiago Del Estero,26419.0,555.0,25917.0,-1.94,355.0,36.04
309,2020,4,Santiago Del Estero,26812.0,570.0,26419.0,-1.49,555.0,2.63
285,2021,1,Santiago Del Estero,26468.0,570.0,26812.0,1.28,570.0,0.0
261,2021,2,Santiago Del Estero,20734.0,909.0,26468.0,21.66,570.0,37.29
237,2021,3,Santiago Del Estero,19939.0,909.0,20734.0,3.83,909.0,0.0
213,2021,4,Santiago Del Estero,19032.0,1088.0,19939.0,4.55,909.0,16.45
189,2022,1,Santiago Del Estero,18118.0,1093.0,19032.0,4.8,1088.0,0.46
165,2022,2,Santiago Del Estero,16561.0,11605.0,18118.0,8.59,1093.0,90.58
141,2022,3,Santiago Del Estero,15385.0,13170.0,16561.0,7.1,11605.0,11.88
117,2022,4,Santiago Del Estero,13577.0,15117.0,15385.0,11.75,13170.0,12.88
93,2023,1,Santiago Del Estero,11642.0,16656.0,13577.0,14.25,15117.0,9.24
69,2023,2,Santiago Del Estero,10629.0,17244.0,11642.0,8.7,16656.0,3.41
45,2023,3,Santiago Del Estero,9412.0,21745.0,10629.0,11.45,17244.0,20.7
21,2023,4,Santiago Del Estero,8290.0,24271.0,9412.0,11.92,21745.0,10.41
958,2014,1,Tierra Del Fuego,21618.0,648.0,,,,
934,2014,2,Tierra Del Fuego,21618.0,648.0,21618.0,0.0,648.0,0.0
910,2014,3,Tierra Del Fuego,21840.0,650.0,21618.0,-1.03,648.0,0.31
886,2014,4,Tierra Del Fuego,21948.0,655.0,21840.0,-0.49,650.0,0.76
862,2015,1,Tierra Del Fuego,22291.0,657.0,21948.0,-1.56,655.0,0.3
838,2015,2,Tierra Del Fuego,22636.0,665.0,22291.0,-1.55,657.0,1.2
814,2015,3,Tierra Del Fuego,22636.0,665.0,22636.0,0.0,665.0,0.0
790,2015,4,Tierra Del Fuego,22636.0,665.0,22636.0,0.0,665.0,0.0
766,2016,1,Tierra Del Fuego,22636.0,665.0,22636.0,0.0,665.0,0.0
742,2016,2,Tierra Del Fuego,22636.0,665.0,22636.0,0.0,665.0,0.0
718,2016,3,Tierra Del Fuego,22636.0,665.0,22636.0,0.0,665.0,0.0
694,2016,4,Tierra Del Fuego,22636.0,665.0,22636.0,0.0,665.0,0.0
670,2017,1,Tierra Del Fuego,22636.0,665.0,22636.0,0.0,665.0,0.0
646,2017,2,Tierra Del Fuego,22636.0,665.0,22636.0,0.0,665.0,0.0
622,2017,3,Tierra Del Fuego,21587.0,622.0,22636.0,4.63,665.0,-6.91
598,2017,4,Tierra Del Fuego,19372.0,530.0,21587.0,10.26,622.0,-17.36
574,2018,1,Tierra Del Fuego,19372.0,531.0,19372.0,0.0,530.0,0.19
550,2018,2,Tierra Del Fuego,19372.0,531.0,19372.0,0.0,531.0,0.0
526,2018,3,Tierra Del Fuego,19365.0,1502.0,19372.0,0.04,531.0,64.65
502,2018,4,Tierra Del Fuego,19789.0,1623.0,19365.0,-2.19,1502.0,7.46
478,2019,1,Tierra Del Fuego,19789.0,1623.0,19789.0,0.0,1623.0,0.0
454,2019,2,Tierra Del Fuego,19790.0,651.0,19789.0,-0.01,1623.0,-149.31
430,2019,3,Tierra Del Fuego,19790.0,651.0,19790.0,0.0,651.0,0.0
406,2019,4,Tierra Del Fuego,13261.0,0.0,19790.0,32.99,651.0,0.0
382,2020,1,Tierra Del Fuego,12854.0,0.0,13261.0,3.07,0.0,0.0
358,2020,2,Tierra Del Fuego,12854.0,0.0,12854.0,0.0,0.0,0.0
334,2020,3,Tierra Del Fuego,12854.0,0.0,12854.0,0.0,0.0,0.0
310,2020,4,Tierra Del Fuego,12853.0,6.0,12854.0,0.01,0.0,100.0
286,2021,1,Tierra Del Fuego,12853.0,6.0,12853.0,0.0,6.0,0.0
262,2021,2,Tierra Del Fuego,12853.0,6.0,12853.0,0.0,6.0,0.0
238,2021,3,Tierra Del Fuego,12853.0,6.0,12853.0,0.0,6.0,0.0
214,2021,4,Tierra Del Fuego,13317.0,426.0,12853.0,-3.61,6.0,98.59
190,2022,1,Tierra Del Fuego,13031.0,416.0,13317.0,2.15,426.0,-2.4
166,2022,2,Tierra Del Fuego,12754.0,403.0,13031.0,2.13,416.0,-3.23
142,2022,3,Tierra Del Fuego,12754.0,403.0,12754.0,0.0,403.0,0.0
118,2022,4,Tierra Del Fuego,12754.0,405.0,12754.0,0.0,403.0,0.49
94,2023,1,Tierra Del Fuego,12754.0,405.0,12754.0,0.0,405.0,0.0
70,2023,2,Tierra Del Fuego,12392.0,525.0,12754.0,2.84,405.0,22.86
46,2023,3,Tierra Del Fuego,9357.0,3682.0,12392.0,24.49,525.0,85.74
22,2023,4,Tierra Del Fuego,9357.0,3682.0,9357.0,0.0,3682.0,0.0
959,2014,1,Tucumán,129717.0,121.0,,,,
935,2014,2,Tucumán,131740.0,121.0,129717.0,-1.56,121.0,0.0
911,2014,3,Tucumán,131739.0,117.0,131740.0,0.0,121.0,-3.42
887,2014,4,Tucumán,137093.0,116.0,131739.0,-4.06,117.0,-0.86
863,2015,1,Tucumán,137857.0,116.0,137093.0,-0.56,116.0,0.0
839,2015,2,Tucumán,139944.0,116.0,137857.0,-1.51,116.0,0.0
815,2015,3,Tucumán,142925.0,116.0,139944.0,-2.13,116.0,0.0
791,2015,4,Tucumán,144188.0,116.0,142925.0,-0.88,116.0,0.0
767,2016,1,Tucumán,144233.0,116.0,144188.0,-0.03,116.0,0.0
743,2016,2,Tucumán,145486.0,116.0,144233.0,-0.87,116.0,0.0
719,2016,3,Tucumán,147259.0,116.0,145486.0,-1.22,116.0,0.0
695,2016,4,Tucumán,146995.0,116.0,147259.0,0.18,116.0,0.0
671,2017,1,Tucumán,147373.0,116.0,146995.0,-0.26,116.0,0.0
647,2017,2,Tucumán,149013.0,116.0,147373.0,-1.11,116.0,0.0
623,2017,3,Tucumán,154130.0,106.0,149013.0,-3.43,116.0,-9.43
599,2017,4,Tucumán,156583.0,105.0,154130.0,-1.59,106.0,-0.95
575,2018,1,Tucumán,158611.0,107.0,156583.0,-1.3,105.0,1.87
551,2018,2,Tucumán,160315.0,110.0,158611.0,-1.07,107.0,2.73
527,2018,3,Tucumán,161209.0,110.0,160315.0,-0.56,110.0,0.0
503,2018,4,Tucumán,159215.0,119.0,161209.0,1.24,110.0,7.56
479,2019,1,Tucumán,159215.0,118.0,159215.0,0.0,119.0,-0.85
455,2019,2,Tucumán,153121.0,116.0,159215.0,3.83,118.0,-1.72
431,2019,3,Tucumán,150918.0,116.0,153121.0,1.44,116.0,0.0
407,2019,4,Tucumán,146985.0,39574.0,150918.0,2.61,116.0,99.71
383,2020,1,Tucumán,143184.0,44687.0,146985.0,2.59,39574.0,11.44
359,2020,2,Tucumán,150084.0,55120.0,143184.0,-4.82,44687.0,18.93
335,2020,3,Tucumán,149605.0,59949.0,150084.0,0.32,55120.0,8.06
311,2020,4,Tucumán,149322.0,68043.0,149605.0,0.19,59949.0,11.9
287,2021,1,Tucumán,147199.0,69954.0,149322.0,1.42,68043.0,2.73
263,2021,2,Tucumán,110429.0,71683.0,147199.0,24.98,69954.0,2.41
239,2021,3,Tucumán,104489.0,70964.0,110429.0,5.38,71683.0,-1.01
215,2021,4,Tucumán,97830.0,78790.0,104489.0,6.37,70964.0,9.93
191,2022,1,Tucumán,92532.0,86174.0,97830.0,5.42,78790.0,8.57
167,2022,2,Tucumán,85893.0,148823.0,92532.0,7.17,86174.0,42.1
143,2022,3,Tucumán,77738.0,162345.0,85893.0,9.49,148823.0,8.33
119,2022,4,Tucumán,69441.0,168717.0,77738.0,10.67,162345.0,3.78
95,2023,1,Tucumán,55822.0,180976.0,69441.0,19.61,168717.0,6.77
71,2023,2,Tucumán,50019.0,188986.0,55822.0,10.4,180976.0,4.24
47,2023,3,Tucumán,46348.0,195053.0,50019.0,7.34,188986.0,3.11
23,2023,4,Tucumán,41318.0,199876.0,46348.0,10.85,195053.0,2.41
